Series Name,Series Code,Country Name,Country Code,1990 [YR1990],2000 [YR2000],2009 [YR2009],2010 [YR2010],2011 [YR2011],2012 [YR2012],2013 [YR2013],2014 [YR2014],2015 [YR2015],2016 [YR2016],2017 [YR2017],2018 [YR2018]
Individuals using the Internet (% of population),IT.NET.USER.ZS,Afghanistan,AFG,0,..,3.55,4,5,5.454545455,5.9,7,8.26,10.59572642,11.44768809,..
Individuals using the Internet (% of population),IT.NET.USER.ZS,Albania,ALB,0,0.114097347,41.2,45,49,54.65595904,57.2,60.1,63.2529327,66.3634447,71.8470405,..
Individuals using the Internet (% of population),IT.NET.USER.ZS,Algeria,DZA,0,0.491705679,11.23,12.5,14.9,18.2,22.5,29.5,38.2,42.94552688,47.69105515,..
Individuals using the Internet (% of population),IT.NET.USER.ZS,American Samoa,ASM,0,..,..,..,..,..,..,..,..,..,..,..
Individuals using the Internet (% of population),IT.NET.USER.ZS,Andorra,AND,0,10.53883561,78.53,81,81,86.43442462,94,95.9,96.91,97.93063712,98.87143552,..
Individuals using the Internet (% of population),IT.NET.USER.ZS,Angola,AGO,0,0.105045562,2.3,2.8,3.1,6.5,8.9,10.2,12.4,13,14.33907936,..
Individuals using the Internet (% of population),IT.NET.USER.ZS,Antigua and Barbuda,ATG,0,6.482225737,42,47,52,58,63.4,67.78,70,73,76,..
Individuals using the Internet (% of population),IT.NET.USER.ZS,Argentina,ARG,0,7.038683086,34,45,51,55.8,59.9,64.7,68.04306411,70.96898082,75.80974423,..
Individuals using the Internet (% of population),IT.NET.USER.ZS,Armenia,ARM,0,1.300470022,15.3,25,32,37.5,41.9,54.62280586,59.10237771,64.34602977,69.71812489,..
Individuals using the Internet (% of population),IT.NET.USER.ZS,Aruba,ABW,0,15.44282295,58,62,69,74,78.9,83.78,88.66122693,93.54245387,97.17,..
Individuals using the Internet (% of population),IT.NET.USER.ZS,Australia,AUS,0.585094712,46.75611561,74.25,76,79.48769771,79,83.45349717,84,84.56051935,86.54,86.54472054,..
Individuals using the Internet (% of population),IT.NET.USER.ZS,Austria,AUT,0.130369377,33.73013295,73.45,75.17,78.7399931,80.02999392,80.6188,80.99582496,83.94014193,84.32333129,87.93558659,..
Individuals using the Internet (% of population),IT.NET.USER.ZS,Azerbaijan,AZE,0,0.147757576,27.4,46,50,54.2,73.00000137,75.00001564,77,78.2,79,..
Individuals using the Internet (% of population),IT.NET.USER.ZS,"Bahamas, The",BHS,0,8,33.88,43,65,71.74820281,72,76.92,78,80,85,..
Individuals using the Internet (% of population),IT.NET.USER.ZS,Bahrain,BHR,0,6.153732546,53,55,76.9999665,88,90.0000397,90.50313348,93.47830114,95,95.87813575,..
Individuals using the Internet (% of population),IT.NET.USER.ZS,Bangladesh,BGD,0,0.071039423,3.1,3.7,4.5,5,6.63,13.9,14.4,18.02,18.02,..
Individuals using the Internet (% of population),IT.NET.USER.ZS,Barbados,BRB,0,3.973678355,64.7,65.1,66.5,71.2,71.8,75.16,76.11,79.54939789,81.76077839,..
Individuals using the Internet (% of population),IT.NET.USER.ZS,Belarus,BLR,0,1.860398126,27.43,31.8,39.64889566,46.91,54.17,59.02,67.3,71.11304576,74.43644541,..
Individuals using the Internet (% of population),IT.NET.USER.ZS,Belgium,BEL,0.00100674,29.43169169,70,75,81.609996,80.71999055,82.1702,85,85.0529,86.5165,87.67968082,..
Individuals using the Internet (% of population),IT.NET.USER.ZS,Belize,BLZ,0,5.963835303,27.2,28.2,30.7,31,33.6,38.7,41.59,44.57574032,47.0826258,..
Individuals using the Internet (% of population),IT.NET.USER.ZS,Benin,BEN,0,0.225247851,2.24,3.13,4.148323066,4.5,4.9,6,11.25498791,11.99404791,14.11901233,..
Individuals using the Internet (% of population),IT.NET.USER.ZS,Bermuda,BMU,0,42.94986002,83.25,84.21,88.336,91.29930452,95.3,96.8,98.32360965,98,98.37,..
Individuals using the Internet (% of population),IT.NET.USER.ZS,Bhutan,BTN,0,0.400944447,7.17,13.6,14.4,15.6,22.4,30.3,39.8,41.77264453,48.10641588,..
Individuals using the Internet (% of population),IT.NET.USER.ZS,Bolivia,BOL,0,1.442763585,16.8,22.4,30,35.34,36.99,34.6,35.56227065,39.6975146,43.83227607,..
Individuals using the Internet (% of population),IT.NET.USER.ZS,Bosnia and Herzegovina,BIH,0,1.08296075,37.74,42.75,43.88768653,45.06450043,48.52131417,49.91773243,52.6,60.26,69.49115242,..
Individuals using the Internet (% of population),IT.NET.USER.ZS,Botswana,BWA,0,2.902666622,6.15,6,9,16,30,36.74474744,37.31205037,39.36299738,41.41379464,..
Individuals using the Internet (% of population),IT.NET.USER.ZS,Brazil,BRA,0,2.870685159,39.22,40.65,45.69,48.56,51.04,54.55100188,58.32795173,60.87254007,67.47,..
Individuals using the Internet (% of population),IT.NET.USER.ZS,British Virgin Islands,VGB,0,..,36,37,37.4,37.6,..,..,..,..,..,..
Individuals using the Internet (% of population),IT.NET.USER.ZS,Brunei Darussalam,BRN,0,8.996284534,49,53,56,60.27306504,64.5,68.77,71.2,90,94.86669164,..
Individuals using the Internet (% of population),IT.NET.USER.ZS,Bulgaria,BGR,0,5.370923469,45,46.23,47.97999305,51.89998767,53.0615,55.49,56.6563,59.82554766,63.41010138,..
Individuals using the Internet (% of population),IT.NET.USER.ZS,Burkina Faso,BFA,0,0.077080169,1.13,2.4,3,3.725034916,9.1,9.4,11.38764617,13.96,15.87620691,..
Individuals using the Internet (% of population),IT.NET.USER.ZS,Burundi,BDI,0,0.077248447,0.9,1,1.11,1.219999945,1.264218111,1.38,4.866224464,5.173626777,5.594670768,..
Individuals using the Internet (% of population),IT.NET.USER.ZS,Cabo Verde,CPV,0,1.822443852,21,30,32,34.74,37.5,40.26,42.68,50.32281787,57.16214635,..
Individuals using the Internet (% of population),IT.NET.USER.ZS,Cambodia,KHM,0,0.04702264,0.53,1.26,3.1,4.94,6.8,14,22.32743536,32.39845171,33.99999913,..
Individuals using the Internet (% of population),IT.NET.USER.ZS,Cameroon,CMR,0,0.252120078,3.84,4.3,5,7.5,10,16.21487223,20.68014766,23.20297197,23.20297197,..
Individuals using the Internet (% of population),IT.NET.USER.ZS,Canada,CAN,0.360999701,51.3,80.3,80.3,83,83,85.8,87.12,88.47,91.16,92.70137191,..
Individuals using the Internet (% of population),IT.NET.USER.ZS,Cayman Islands,CYM,0,..,64.5,66,69.46594499,69.7,71.4,74.1,77,79,81.06769325,..
Individuals using the Internet (% of population),IT.NET.USER.ZS,Central African Republic,CAF,0,0.053394174,1.8,2,2.2,3,3.4,3.6,3.8,4,4.339254945,..
Individuals using the Internet (% of population),IT.NET.USER.ZS,Chad,TCD,0,0.035707076,1.5,1.7,1.9,2.1,2.5,2.9,3.5,5,6.49999812,..
Individuals using the Internet (% of population),IT.NET.USER.ZS,Channel Islands,CHI,..,..,..,..,..,..,..,..,..,..,..,..
Individuals using the Internet (% of population),IT.NET.USER.ZS,Chile,CHL,0,16.6,41.56,45,52.24960729,55.05,58,61.11,76.63,82.32748693,82.32748693,..
Individuals using the Internet (% of population),IT.NET.USER.ZS,China,CHN,0,1.775913207,28.9,34.3,38.3,42.30011749,45.8,47.9,50.3,53.2,54.3,..
Individuals using the Internet (% of population),IT.NET.USER.ZS,Colombia,COL,0,2.207532993,30,36.5,40.35091575,48.98,51.7,52.57,55.90497251,58.13649357,62.25988032,..
Individuals using the Internet (% of population),IT.NET.USER.ZS,Comoros,COM,0,0.271740607,3.5,5.1,5.5,5.975296308,6.5,6.98,7.459161386,7.938322771,8.478170295,..
Individuals using the Internet (% of population),IT.NET.USER.ZS,"Congo, Dem. Rep.",COD,0,0.005902114,0.56,0.72,1.2,1.679961015,2.2,3,3.799999507,6.20997406,8.619904916,..
Individuals using the Internet (% of population),IT.NET.USER.ZS,"Congo, Rep.",COG,0,0.026354732,4.5,5,5.6,6.106695024,6.6,7.11,7.615974662,8.121949323,8.65,..
Individuals using the Internet (% of population),IT.NET.USER.ZS,Costa Rica,CRI,0,5.800253023,34.33,36.5,39.212196,47.5,45.96,53,59.76295014,66.02871285,71.58166462,..
Individuals using the Internet (% of population),IT.NET.USER.ZS,Cote d'Ivoire,CIV,0,0.231461671,2,2.7,2.9,5,12,19.2742298,38.44,41.21,43.83992085,..
Individuals using the Internet (% of population),IT.NET.USER.ZS,Croatia,HRV,0,6.644882544,50.58,56.55,57.78997899,61.93997315,66.7476,68.57,69.8031,72.69730605,67.09619204,..
Individuals using the Internet (% of population),IT.NET.USER.ZS,Cuba,CUB,0,0.541182549,14.33,15.9,16.0172908,21.2,27.93,29.07018437,37.30509742,42.98,49.1046873,..
Individuals using the Internet (% of population),IT.NET.USER.ZS,Curacao,CUW,..,..,..,..,..,..,..,..,..,61.85551074,..,..
Individuals using the Internet (% of population),IT.NET.USER.ZS,Cyprus,CYP,0,15.25539437,49.81,52.99,56.85989235,60.6898684,65.4548,69.33,71.7159,75.90036019,80.74318897,..
Individuals using the Internet (% of population),IT.NET.USER.ZS,Czech Republic,CZE,0,9.780527888,64.43,68.82,70.49,73.43000782,74.1104,74.23171164,75.6688387,76.48120138,78.71917285,..
Individuals using the Internet (% of population),IT.NET.USER.ZS,Denmark,DNK,0.097277268,39.17243086,86.84,88.72,89.81001339,92.26001172,94.6297,95.99,96.3305,96.96778525,97.09936216,..
Individuals using the Internet (% of population),IT.NET.USER.ZS,Djibouti,DJI,0,0.194500528,4,6.5,7,8.267232892,9.5,10.71,11.92243143,13.13491511,55.68140925,..
Individuals using the Internet (% of population),IT.NET.USER.ZS,Dominica,DMA,0,8.814844198,42.02,47.45,48.6,49.8,51,57.5,65,67.03,69.61966879,..
Individuals using the Internet (% of population),IT.NET.USER.ZS,Dominican Republic,DOM,0,3.704692356,27.72,31.4,38,42.32,45.9,49.58,54.21576634,63.87,64.99320547,..
Individuals using the Internet (% of population),IT.NET.USER.ZS,Ecuador,ECU,0,1.462188536,24.6,29.03,31.36680836,35.13514645,40.27912194,45.59039067,48.94043379,54.06292473,57.27224368,..
Individuals using the Internet (% of population),IT.NET.USER.ZS,"Egypt, Arab Rep.",EGY,0,0.641265038,20,21.6,25.6,26.4,29.4,33.89460391,37.81938343,41.24806709,44.95020425,..
Individuals using the Internet (% of population),IT.NET.USER.ZS,El Salvador,SLV,0,1.177397269,12.11,15.9,18.9,20.32138772,23.1093,24.76171215,26.80260496,28.99707305,31.25135241,..
Individuals using the Internet (% of population),IT.NET.USER.ZS,Equatorial Guinea,GNQ,0,0.132354665,2.13,6,11.5,13.94318219,16.4,18.86,21.31999999,23.77999997,26.23999996,..
Individuals using the Internet (% of population),IT.NET.USER.ZS,Eritrea,ERI,0,0.136711941,0.54,0.61,0.7,0.8,0.9,0.99,1.083733116,1.17711872,1.30890698,..
Individuals using the Internet (% of population),IT.NET.USER.ZS,Estonia,EST,0,28.57695381,72.5,74.1,76.5,78.38992593,80.0043,84.24152803,87.23733209,87.23733209,88.10245687,..
Individuals using the Internet (% of population),IT.NET.USER.ZS,Eswatini,SWZ,0,0.926191777,8.94,11.04,18.13,20.78178258,24.7,26.17500573,25.64304231,28.57352278,30.3,..
Individuals using the Internet (% of population),IT.NET.USER.ZS,Ethiopia,ETH,0,0.015263767,0.54,0.75,1.1,2.9,4.6,7.7,13.85517556,15.36692386,18.61805145,..
Individuals using the Internet (% of population),IT.NET.USER.ZS,Faroe Islands,FRO,0,32.91639236,75.18,75.2,80.7321728,85.33518924,90,93.3,94.2,95.10868167,97.58195894,..
Individuals using the Internet (% of population),IT.NET.USER.ZS,Fiji,FJI,0,1.496854734,17,20,28,33.74235675,35.2,37.4,42.5,46.50697831,49.96637301,..
Individuals using the Internet (% of population),IT.NET.USER.ZS,Finland,FIN,0.40108767,37.24846174,82.49,86.89,88.70999491,89.87999797,91.5144,86.53039275,86.42213333,87.70364996,87.46892907,..
Individuals using the Internet (% of population),IT.NET.USER.ZS,France,FRA,0.052777862,14.30792394,71.58,77.28,77.81999899,81.44,81.9198,83.75,78.01,79.27,80.5,..
Individuals using the Internet (% of population),IT.NET.USER.ZS,French Polynesia,PYF,0,6.357063545,44.6,49,49,52.87663059,56.8,60.68,64.56020975,68.44041949,72.70389531,..
Individuals using the Internet (% of population),IT.NET.USER.ZS,Gabon,GAB,0,1.216140618,9.5,13,18,24,30.53803344,38.07120929,45.78453653,48.05227375,50.32012015,..
Individuals using the Internet (% of population),IT.NET.USER.ZS,"Gambia, The",GMB,0,0.921794919,7.63,9.2,10.8703,12.44922872,14,15.56,16.5,18.5,19.83645444,..
Individuals using the Internet (% of population),IT.NET.USER.ZS,Georgia,GEO,0,0.484746299,20.07,26.9,31.52,36.94,43.3,44,47.56975964,59.26,60.49125755,..
Individuals using the Internet (% of population),IT.NET.USER.ZS,Germany,DEU,0.125892223,30.2163466,79,82,81.26999954,82.34999847,84.17,86.19,84.39550077,84.39550077,84.39550077,..
Individuals using the Internet (% of population),IT.NET.USER.ZS,Ghana,GHA,0,0.153615298,5.44,7.8,9,10.6,15,25.51773743,31.44785241,34.66600065,37.88415262,..
Individuals using the Internet (% of population),IT.NET.USER.ZS,Gibraltar,GIB,0,19.13163812,65.07,65,65,65.017,..,..,..,94.44447158,..,..
Individuals using the Internet (% of population),IT.NET.USER.ZS,Greece,GRC,0,9.138837308,42.4,44.4,51.64999517,55.06999344,59.8663,63.21,66.835,69.08791547,69.89,..
Individuals using the Internet (% of population),IT.NET.USER.ZS,Greenland,GRL,0,31.74781123,62.83,63,64,64.8960101,65.8,66.7,67.60044348,68.50087368,69.48246178,..
Individuals using the Internet (% of population),IT.NET.USER.ZS,Grenada,GRD,0,4.063907991,24.05,27,30,32,35,51.6,53.81,55.85640782,59.07173536,..
Individuals using the Internet (% of population),IT.NET.USER.ZS,Guam,GUM,0,16.11312704,50.64202838,54.04,57.7,61.53415931,65.4,69.27,73.13999995,77.00999989,80.50546556,..
Individuals using the Internet (% of population),IT.NET.USER.ZS,Guatemala,GTM,0,0.712332905,9.3,10.5,12.3,16,19.7,23.4,28.80594156,34.50932609,40.70304908,..
Individuals using the Internet (% of population),IT.NET.USER.ZS,Guinea,GIN,0,0.095424924,0.94,1,2,3.1,4.5,6.4,8.2,9.8,11.40002077,..
Individuals using the Internet (% of population),IT.NET.USER.ZS,Guinea-Bissau,GNB,0,0.230103171,2.303280592,2.45,2.672,2.893990621,3.1,3.32,3.540706917,3.761413832,3.930509152,..
Individuals using the Internet (% of population),IT.NET.USER.ZS,Guyana,GUY,0,6.611491566,23.9,29.9,30,30.5,31,32,34,35.66,37.32583679,..
Individuals using the Internet (% of population),IT.NET.USER.ZS,Haiti,HTI,0,0.231270715,8.1,8.37,9,9.8,10.6,11.4,12.1977,12.23260161,12.32610358,..
Individuals using the Internet (% of population),IT.NET.USER.ZS,Honduras,HND,0,1.203855999,9.8,11.09,15.9,18.12,17.8,19.08,27.61981381,30,32.13636364,..
Individuals using the Internet (% of population),IT.NET.USER.ZS,"Hong Kong SAR, China",HKG,0,27.82776068,69.4,72,72.2,72.9,74.2,79.86627043,84.94835296,87.47784626,89.41594465,..
Individuals using the Internet (% of population),IT.NET.USER.ZS,Hungary,HUN,0,6.999676351,62,65,68.01998789,70.57999815,72.6439,75.65319745,72.8347,79.25940132,76.75054712,..
Individuals using the Internet (% of population),IT.NET.USER.ZS,Iceland,ISL,0,44.47053382,93,93.39,94.8196868,96.20979955,96.5468,98.16,98.2,98.2400163,98.26,..
Individuals using the Internet (% of population),IT.NET.USER.ZS,India,IND,0,0.52753245,5.12,7.5,10.07,12.58006091,15.1,21,26,29.54716289,34.45,..
Individuals using the Internet (% of population),IT.NET.USER.ZS,Indonesia,IDN,0,0.925563864,6.92,10.92,12.28,14.52,14.94,17.14,21.97606771,25.45,32.2924419,..
Individuals using the Internet (% of population),IT.NET.USER.ZS,"Iran, Islamic Rep.",IRN,0,0.93419002,13.8,15.9,19,22.73,29.95,39.35,45.33497588,53.22677263,60.41635615,..
Individuals using the Internet (% of population),IT.NET.USER.ZS,Iraq,IRQ,0,..,1.06,2.5,5,7.1,9.2,13.21,17.22,21.23,49.35999889,..
Individuals using the Internet (% of population),IT.NET.USER.ZS,Ireland,IRL,0,17.85046724,67.38,69.85,74.88997297,76.91999254,78.2477,83.49172234,83.49479167,84.51538863,84.51538863,..
Individuals using the Internet (% of population),IT.NET.USER.ZS,Isle of Man,IMN,..,..,..,..,..,..,..,..,..,..,..,..
Individuals using the Internet (% of population),IT.NET.USER.ZS,Israel,ISR,0.110773866,20.87379,63.12,67.5,68.87387799,70.8,70.25031195,75.01775316,77.35208966,79.65312418,81.58118359,..
Individuals using the Internet (% of population),IT.NET.USER.ZS,Italy,ITA,0.017544562,23.11087424,48.83,53.68,54.3899983,55.82999799,58.4593,55.63846022,58.14173496,61.30114276,61.30114276,..
Individuals using the Internet (% of population),IT.NET.USER.ZS,Jamaica,JAM,0,3.115778027,24.3,27.67,37.43861341,33.79,37.1,40.4027351,42.22122119,44.36685637,48.78096953,..
Individuals using the Internet (% of population),IT.NET.USER.ZS,Japan,JPN,0.020293683,29.99074036,78,78.21,79.05411352,79.4964,88.21942891,89.10683302,91.05802839,93.18272128,90.87304215,..
Individuals using the Internet (% of population),IT.NET.USER.ZS,Jordan,JOR,0,2.623275422,26,27.2,34.9,37,41.4,46.2,60.11438269,62.30219257,66.79031443,..
Individuals using the Internet (% of population),IT.NET.USER.ZS,Kazakhstan,KAZ,0,0.668594403,18.2,31.6,50.6,61.90662747,63.30422443,66,70.8299336,74.58772647,76.42674823,..
Individuals using the Internet (% of population),IT.NET.USER.ZS,Kenya,KEN,0,0.318059714,6.1,7.2,8.8,10.5,13,16.5,16.6,16.6,17.82710021,..
Individuals using the Internet (% of population),IT.NET.USER.ZS,Kiribati,KIR,0,1.785225474,8.97,9.07,10,10.74679768,11.5,12.25,12.99748389,13.7,14.58181818,..
Individuals using the Internet (% of population),IT.NET.USER.ZS,"Korea, Dem. Peopleâ€™s Rep.",PRK,0,0,0,0,0,0,..,..,..,..,..,..
Individuals using the Internet (% of population),IT.NET.USER.ZS,"Korea, Rep.",KOR,0.023265092,44.7,81.6,83.7,83.75912015,84.07,84.77,87.55682649,89.9,92.84302568,95.09714917,..
Individuals using the Internet (% of population),IT.NET.USER.ZS,Kosovo,XKX,..,..,..,..,..,..,..,..,..,..,..,..
Individuals using the Internet (% of population),IT.NET.USER.ZS,Kuwait,KWT,0,6.731395768,50.8,61.4,65.76907069,70.45,75.46,78.7,77.52326901,78.36738376,97.99998933,..
Individuals using the Internet (% of population),IT.NET.USER.ZS,Kyrgyz Republic,KGZ,0,1.041401145,16,16.3,17.5,19.8,23,28.3,30.24704278,34.5,38.19903776,..
Individuals using the Internet (% of population),IT.NET.USER.ZS,Lao PDR,LAO,0,0.111044032,6,7,9,10.74767619,12.5,14.26,18.2,21.87,25.51043508,..
Individuals using the Internet (% of population),IT.NET.USER.ZS,Latvia,LVA,0,6.319062083,66.84,68.42,69.74995456,73.11994377,75.2344,75.83,79.2006,79.84209778,81.3158617,..
Individuals using the Internet (% of population),IT.NET.USER.ZS,Lebanon,LBN,0,7.952743736,30.14,43.68,52,61.24978572,70.5,73,74,76.11,78.18077489,..
Individuals using the Internet (% of population),IT.NET.USER.ZS,Lesotho,LSO,0,0.21180607,3.72,3.86,7,10,15,22,25,27.36,29.78780333,..
Individuals using the Internet (% of population),IT.NET.USER.ZS,Liberia,LBR,0,0.017702706,2,2.3,2.5,2.6,3.2,5.41,5.903867603,7.319106411,7.984479722,..
Individuals using the Internet (% of population),IT.NET.USER.ZS,Libya,LBY,0,0.187042622,10.8,14,14,..,16.5,17.76,19.01607978,20.27215956,21.75892062,..
Individuals using the Internet (% of population),IT.NET.USER.ZS,Liechtenstein,LIE,0,36.51522989,75,80,85,89.4077,93.8,95.21,96.6411951,98.09390389,98.1,..
Individuals using the Internet (% of population),IT.NET.USER.ZS,Lithuania,LTU,0,6.427067495,59.76,62.12,63.6399774,67.22998933,68.4529,72.13,71.378,74.37664556,77.61525651,..
Individuals using the Internet (% of population),IT.NET.USER.ZS,Luxembourg,LUX,0,22.88732797,87.31,90.62,90.02985856,91.94992374,93.7765,94.67,96.38,97.82762613,97.82762613,..
Individuals using the Internet (% of population),IT.NET.USER.ZS,"Macao SAR, China",MAC,0,13.60858974,54,55.198,60.20369672,61.31,65.8,69.78,77.60013186,81.64298546,83.17408907,..
Individuals using the Internet (% of population),IT.NET.USER.ZS,Madagascar,MDG,0,0.196394691,1.63,1.7,1.9,2.3,3,3.7,4.17397219,4.713662899,9.8,..
Individuals using the Internet (% of population),IT.NET.USER.ZS,Malawi,MWI,0,0.126780945,1.07,2.26,3.33,4.3506,5.05,5.83,9.298148347,11.47,13.78216439,..
Individuals using the Internet (% of population),IT.NET.USER.ZS,Malaysia,MYS,0,21.38473116,55.9,56.3,61,65.8,57.05751226,63.66542588,71.06406781,78.78830993,80.14047901,..
Individuals using the Internet (% of population),IT.NET.USER.ZS,Maldives,MDV,0,2.203872939,24.8,26.53,34,38.9301,44.1,49.28,54.46195515,59.09258997,63.18566588,..
Individuals using the Internet (% of population),IT.NET.USER.ZS,Mali,MLI,0,0.142545755,1.8,2,2.2,2.8,3.5,7,10.33,11.11218649,12.72064096,..
Individuals using the Internet (% of population),IT.NET.USER.ZS,Malta,MLT,0,13.11370871,58.86,63,68.01982379,68.19987429,68.9138,73.17,75.96,77.28939482,80.07137784,..
Individuals using the Internet (% of population),IT.NET.USER.ZS,Marshall Islands,MHL,0,1.534271796,5.6,7,10,12.5,14,16.8,19.2824418,29.78777936,38.70116262,..
Individuals using the Internet (% of population),IT.NET.USER.ZS,Mauritania,MRT,0,0.192031462,2.28,4,4.5,5,6.2,10.7,15.19912669,18,20.80096366,..
Individuals using the Internet (% of population),IT.NET.USER.ZS,Mauritius,MUS,0,7.281535115,22.51,28.33,34.95,35.42,40.11682514,44.80327537,50.13931848,52.19132594,55.55669841,..
Individuals using the Internet (% of population),IT.NET.USER.ZS,Mexico,MEX,0,5.081384153,26.34,31.05,37.17629541,39.75,43.46,44.39,57.43104299,59.540446,63.85224909,..
Individuals using the Internet (% of population),IT.NET.USER.ZS,"Micronesia, Fed. Sts.",FSM,0,3.734862137,15.35,20,22.8,25.974423,27.8,29.65,31.50108128,33.35216255,35.30405287,..
Individuals using the Internet (% of population),IT.NET.USER.ZS,Moldova,MDA,0,1.282846417,27.5,32.3,38,43.37,60,67,69,70.99999911,76.12451989,..
Individuals using the Internet (% of population),IT.NET.USER.ZS,Monaco,MCO,0,42.18486345,70.1,75,80.3,87,90.7,92.4,93.36330202,95.20817797,97.05297684,..
Individuals using the Internet (% of population),IT.NET.USER.ZS,Mongolia,MNG,0,1.255652004,10,10.2,12.49999111,16.4,17.69998424,19.94244743,22.2657705,22.2657705,23.71426517,..
Individuals using the Internet (% of population),IT.NET.USER.ZS,Montenegro,MNE,..,..,35.1,37.5,35.61154125,56.83878255,60.31,61,68.11958104,69.88164684,71.27233254,..
Individuals using the Internet (% of population),IT.NET.USER.ZS,Morocco,MAR,0,0.693791245,41.3,52,46.1074826,55.41605319,56,56.8,57.08,58.27123642,61.76221201,..
Individuals using the Internet (% of population),IT.NET.USER.ZS,Mozambique,MOZ,0,0.10959253,2.68,4.17,4.3,6,7.29393733,9.236314896,16.93353299,17.52123909,20.7740003,..
Individuals using the Internet (% of population),IT.NET.USER.ZS,Myanmar,MMR,0,..,0.22,0.25,0.98,4,8,11.52,21.72583401,25.07330424,30.67818311,..
Individuals using the Internet (% of population),IT.NET.USER.ZS,Namibia,NAM,0,1.644739547,6.5,11.6,12,12.9414,13.9,14.84,25.68785182,31.03334594,36.83740647,..
Individuals using the Internet (% of population),IT.NET.USER.ZS,Nauru,NRU,0,..,..,..,54,..,..,..,..,..,57,..
Individuals using the Internet (% of population),IT.NET.USER.ZS,Nepal,NPL,0,0.204651684,1.97,7.93,9,11.1493,13.3,15.44,17.58161801,19.68876384,21.40351043,..
Individuals using the Internet (% of population),IT.NET.USER.ZS,Netherlands,NLD,0.334386942,43.98435137,89.63,90.72,91.41999576,92.85999236,93.9564,91.666666,91.72413793,90.4109589,93.19727891,..
Individuals using the Internet (% of population),IT.NET.USER.ZS,New Caledonia,NCL,0,13.93954882,33.99,42,50,58,66,70,74.00175279,..,82.0058408,..
Individuals using the Internet (% of population),IT.NET.USER.ZS,New Zealand,NZL,0,47.37955654,79.7,80.46,81.23,81.64447018,82.78,85.5,88.22288882,88.47018635,90.81109307,..
Individuals using the Internet (% of population),IT.NET.USER.ZS,Nicaragua,NIC,0,0.980216487,7.3,10,10.6,13.5,15.5,17.6,19.7042915,24.57183396,27.86304001,..
Individuals using the Internet (% of population),IT.NET.USER.ZS,Niger,NER,0,0.036261294,0.76,0.83,0.9,1.05,1.15,1.248675689,2.476219975,4.32275803,10.22431156,..
Individuals using the Internet (% of population),IT.NET.USER.ZS,Nigeria,NGA,0,0.064080808,9.3,11.5,13.8,16.1,19.1,21,24.5,25.67,27.68098584,..
Individuals using the Internet (% of population),IT.NET.USER.ZS,North Macedonia,MKD,0,2.485566316,51.77,51.9,56.7,57.44994731,65.24,68.06,70.3802,72.15681447,76.31197942,..
Individuals using the Internet (% of population),IT.NET.USER.ZS,Northern Mariana Islands,MNP,0,..,..,..,..,..,..,..,..,..,..,..
Individuals using the Internet (% of population),IT.NET.USER.ZS,Norway,NOR,0.707299448,52,92.08,93.39,93.48998265,94.64997805,95.0534,96.3,96.8103,97.29820367,96.50851854,..
Individuals using the Internet (% of population),IT.NET.USER.ZS,Oman,OMN,0,3.520421417,26.8,35.8278,48,60,66.45,70.22,73.53,76.85,80.18563573,..
Individuals using the Internet (% of population),IT.NET.USER.ZS,Pakistan,PAK,0,..,7.5,8,9,9.96,10.9,12,14,15.51455779,15.51,..
Individuals using the Internet (% of population),IT.NET.USER.ZS,Palau,PLW,0,..,..,..,..,..,..,..,..,..,..,..
Individuals using the Internet (% of population),IT.NET.USER.ZS,Panama,PAN,0,6.554796477,39.08,40.1,42.7,40.30189522,44.03,44.92,51.20542499,54,57.86509007,..
Individuals using the Internet (% of population),IT.NET.USER.ZS,Papua New Guinea,PNG,0,0.835249302,1.61,1.28,2,3.5,5.1,6.5,7.9,9.601538462,11.20919659,..
Individuals using the Internet (% of population),IT.NET.USER.ZS,Paraguay,PRY,0,0.747630712,18.9,19.8,24.76351588,29.34,36.9,43,49.72,53.4,61.07575622,..
Individuals using the Internet (% of population),IT.NET.USER.ZS,Peru,PER,0,3.076430611,31.4,34.77,36.01,38.2,39.2,40.2,40.9,45.46174069,48.72763146,..
Individuals using the Internet (% of population),IT.NET.USER.ZS,Philippines,PHL,0,1.982253196,9,25,29,36.2351,48.09902359,49.6,53.7,55.5,60.05476033,..
Individuals using the Internet (% of population),IT.NET.USER.ZS,Poland,POL,0,7.285428708,58.97,62.32,61.94999897,62.30999727,62.8492,66.6,67.997,73.3007,75.98536595,..
Individuals using the Internet (% of population),IT.NET.USER.ZS,Portugal,PRT,0,16.43046769,48.27,53.3,55.24999688,60.33999749,62.0956,64.59,68.6329,70.42356709,73.79121395,..
Individuals using the Internet (% of population),IT.NET.USER.ZS,Puerto Rico,PRI,0,10.47464821,41.5,45.3,48,68.9999826,68.99999,..,63.47,68.64,72.75272269,..
Individuals using the Internet (% of population),IT.NET.USER.ZS,Qatar,QAT,0,4.863679179,53.1,69,69,69.3,85.3,91.49,92.88482645,94.29111815,95.94,..
Individuals using the Internet (% of population),IT.NET.USER.ZS,Romania,ROU,0,3.613717291,36.6,39.93,40.00999678,45.87999425,49.7645,54.08,55.7632,59.50395129,63.74728218,..
Individuals using the Internet (% of population),IT.NET.USER.ZS,Russian Federation,RUS,0,1.977230109,29,43,49,63.8,67.97,70.52,70.1,73.09143462,76.00813853,..
Individuals using the Internet (% of population),IT.NET.USER.ZS,Rwanda,RWA,0,0.06283146,7.7,8,7,8.023854277,9,10.6,18,20,21.76763262,..
Individuals using the Internet (% of population),IT.NET.USER.ZS,Samoa,WSM,0,0.566392533,6,7,11,12.92249,15.3,21.2,25.40700977,29.41173011,33.61093932,..
Individuals using the Internet (% of population),IT.NET.USER.ZS,San Marino,SMR,0,48.79949531,54.21,..,49.6,..,..,..,..,..,60.18230126,..
Individuals using the Internet (% of population),IT.NET.USER.ZS,Sao Tome and Principe,STP,0,4.638516816,16.41,18.75,20.1612,21.5724,23,24.41,25.82,28,29.9312292,..
Individuals using the Internet (% of population),IT.NET.USER.ZS,Saudi Arabia,SAU,0,2.210691809,38,41,47.5,54,60.5,64.71365737,69.6162358,74.88,82.12,..
Individuals using the Internet (% of population),IT.NET.USER.ZS,Senegal,SEN,0,0.403967486,7.5,8,9.8,10.8,13.1,17.7,21.69026413,25.66476804,29.64312367,..
Individuals using the Internet (% of population),IT.NET.USER.ZS,Serbia,SRB,..,..,38.1,40.9,42.2,48.1,53.45036418,62.07508046,65.3170254,67.05684137,70.33083553,..
Individuals using the Internet (% of population),IT.NET.USER.ZS,Seychelles,SYC,0,7.395629183,..,41,43.16400446,47.076,50.4,51.25470199,54.25961786,56.51470815,58.76981124,..
Individuals using the Internet (% of population),IT.NET.USER.ZS,Sierra Leone,SLE,0,0.118254246,0.26,0.58,0.9,2.5,4,6.057298984,6.344421603,11.77318438,13.23693043,..
Individuals using the Internet (% of population),IT.NET.USER.ZS,Singapore,SGP,0,36,69,71,71,72,80.90205685,79.02923586,79.012957,84.45,84.44953878,..
Individuals using the Internet (% of population),IT.NET.USER.ZS,Sint Maarten (Dutch part),SXM,..,..,..,..,..,..,..,..,..,..,..,..
Individuals using the Internet (% of population),IT.NET.USER.ZS,Slovak Republic,SVK,0,9.426803201,70,75.71,74.43999717,76.70999012,77.8826,79.98,77.6347,80.4759,81.62566752,..
Individuals using the Internet (% of population),IT.NET.USER.ZS,Slovenia,SVN,0,15.11025956,64,70,67.33999481,68.34997453,72.6756,71.59,73.0987,75.49850426,78.88542636,..
Individuals using the Internet (% of population),IT.NET.USER.ZS,Solomon Islands,SLB,0,0.481296806,4,5,6,6.9974,8,9,10.00046498,11.00090227,11.92422906,..
Individuals using the Internet (% of population),IT.NET.USER.ZS,Somalia,SOM,0,0.02,1.160610542,..,1.25,1.3767,1.5,1.63,1.76,1.88,2.004048698,..
Individuals using the Internet (% of population),IT.NET.USER.ZS,South Africa,ZAF,0,5.348559732,10,24,33.97,41,46.5,49,51.91911572,54,56.16739447,..
Individuals using the Internet (% of population),IT.NET.USER.ZS,South Sudan,SSD,..,..,..,..,..,..,3.829969245,4.51615373,5.5,6.679728051,7.977428907,..
Individuals using the Internet (% of population),IT.NET.USER.ZS,Spain,ESP,0.012873564,13.62496081,62.4,65.8,67.08999939,69.80999994,71.635,76.19,78.6896,80.56133294,84.6022457,..
Individuals using the Internet (% of population),IT.NET.USER.ZS,Sri Lanka,LKA,0,0.647410011,8.78,12,15,18.2854,21.9,25.8,29.98873755,32.05100274,34.1133479,..
Individuals using the Internet (% of population),IT.NET.USER.ZS,St. Kitts and Nevis,KNA,0,5.86281024,55.7,63,63.2,64,64.6,68,75.7,76.81767491,80.71019081,..
Individuals using the Internet (% of population),IT.NET.USER.ZS,St. Lucia,LCA,0,5.090483341,31,32.5,34,34.82,36,39.7,42.53093047,46.72907806,50.81524478,..
Individuals using the Internet (% of population),IT.NET.USER.ZS,St. Martin (French part),MAF,..,..,..,..,..,..,..,..,..,..,..,..
Individuals using the Internet (% of population),IT.NET.USER.ZS,St. Vincent and the Grenadines,VCT,0,3.245037411,31,33.7,36.7,40,43.5,47.4,51.77,55.57461942,65.56,..
Individuals using the Internet (% of population),IT.NET.USER.ZS,Sudan,SDN,0,0.025785032,..,16.7,17.46,21,22.7,24.64,26.61,28,30.87029573,..
Individuals using the Internet (% of population),IT.NET.USER.ZS,Suriname,SUR,0,2.506411052,31.36,31.59,32,34.6812,37.4,40.08,42.76382778,45.4,48.94517397,..
Individuals using the Internet (% of population),IT.NET.USER.ZS,Sweden,SWE,0.584192066,45.68765221,91,90,92.76998606,93.17998801,94.7836,92.52,90.6102,89.65094761,96.40964528,..
Individuals using the Internet (% of population),IT.NET.USER.ZS,Switzerland,CHE,0.595714223,47.1,81.3,83.9,85.19302818,85.2,86.34,87.4,87.4790556,89.13468774,93.71386591,..
Individuals using the Internet (% of population),IT.NET.USER.ZS,Syrian Arab Republic,SYR,0,0.18169858,17.3,20.7,22.5,24.3001,26.2,28.09,29.97979724,31.86962727,34.25340193,..
Individuals using the Internet (% of population),IT.NET.USER.ZS,Tajikistan,TJK,0,0.048599595,10.07,11.55,13.03,14.51,16,17.49,18.98,20.47,21.96,..
Individuals using the Internet (% of population),IT.NET.USER.ZS,Tanzania,TZA,0,0.11719444,2.4,2.9,3.2,3.95,4.4,7,10,13,15.99999943,..
Individuals using the Internet (% of population),IT.NET.USER.ZS,Thailand,THA,0,3.689041279,20.1,22.4,23.66992562,26.46,28.94,34.89,39.31612674,47.50496562,52.89192934,..
Individuals using the Internet (% of population),IT.NET.USER.ZS,Timor-Leste,TLS,0,..,2,3,4,7,11,17.5,23,25.24624959,27.49273173,..
Individuals using the Internet (% of population),IT.NET.USER.ZS,Togo,TGO,0,0.8,2.6,3,3.5,4,4.5,5.7,7.12,11.31,12.36022497,..
Individuals using the Internet (% of population),IT.NET.USER.ZS,Tonga,TON,0,2.434398044,10,16,25,30,32.75396061,35.95444145,38.65127243,39.95,41.24872764,..
Individuals using the Internet (% of population),IT.NET.USER.ZS,Trinidad and Tobago,TTO,0,7.721411474,44.3,48.5,55.2,59.5162,63.8,65.1,69.19847061,73.29694122,77.32605293,..
Individuals using the Internet (% of population),IT.NET.USER.ZS,Tunisia,TUN,0,2.750740293,34.07,36.8,39.1,41.4416,43.8,46.16,46.5,49.6,55.5,..
Individuals using the Internet (% of population),IT.NET.USER.ZS,Turkey,TUR,0,3.761685035,36.4,39.82,43.06571043,45.13,46.25,51.04,53.74497914,58.34773401,64.68461768,..
Individuals using the Internet (% of population),IT.NET.USER.ZS,Turkmenistan,TKM,0,0.133282183,1.95,3,5,7.1958,9.6,12.2,14.99677482,17.99032446,21.25099741,..
Individuals using the Internet (% of population),IT.NET.USER.ZS,Turks and Caicos Islands,TCA,0,..,..,..,..,..,..,..,..,..,..,..
Individuals using the Internet (% of population),IT.NET.USER.ZS,Tuvalu,TUV,0,5.241639585,20,25,30,35,37,39.2,42.7,46.00915151,49.31833862,..
Individuals using the Internet (% of population),IT.NET.USER.ZS,Uganda,UGA,0,0.163714063,9.78,12.5,13.01354333,14.1,15.5,16.9,17.83485947,21.87617046,23.70653091,..
Individuals using the Internet (% of population),IT.NET.USER.ZS,Ukraine,UKR,0,0.716183762,17.9,23.3,28.70826284,35.27,40.954129,46.23597546,48.88464368,53,57.11513856,..
Individuals using the Internet (% of population),IT.NET.USER.ZS,United Arab Emirates,ARE,0,23.62530088,64,68,78,84.9999915,88,90.4,90.5,90.60000732,94.81992254,..
Individuals using the Internet (% of population),IT.NET.USER.ZS,United Kingdom,GBR,0.087355319,26.82175435,83.56,85,85.37999855,87.47999842,89.8441,91.61,92.0003,94.62,94.62,..
Individuals using the Internet (% of population),IT.NET.USER.ZS,United States,USA,0.784728502,43.07916264,71,71.69,69.72946076,74.7,71.4,73,74.55420245,75.23264272,75.23264272,..
Individuals using the Internet (% of population),IT.NET.USER.ZS,Uruguay,URY,0,10.53905775,41.8,46.4,51.40466106,54.45376868,57.69,61.46,64.6,66.4,68.27966256,..
Individuals using the Internet (% of population),IT.NET.USER.ZS,Uzbekistan,UZB,0,0.484347308,11.9,15.9,18.6,23.6,26.8,35.5,42.8,46.79128694,52.30510079,..
Individuals using the Internet (% of population),IT.NET.USER.ZS,Vanuatu,VUT,0,2.108336891,7.5,8,9.2,10.598,11.3,18.8,22.35140458,24,25.71978784,..
Individuals using the Internet (% of population),IT.NET.USER.ZS,"Venezuela, RB",VEN,0,3.359597465,32.7,37.37,40.22,49.05008307,54.9,57,60,60,64.31336383,..
Individuals using the Internet (% of population),IT.NET.USER.ZS,Vietnam,VNM,0,0.254248276,26.55,30.65,35.07,36.8,38.5,41,43.5,46.5,49.56909734,..
Individuals using the Internet (% of population),IT.NET.USER.ZS,Virgin Islands (U.S.),VIR,0,13.81508054,27.39650968,31.22,35.6,40.5479,45.3,50.07,54.8391373,59.6083158,64.3774943,..
Individuals using the Internet (% of population),IT.NET.USER.ZS,West Bank and Gaza,PSE,0,1.111306207,32.23,37.4,41.08,43.4,46.6,53.67,57.42419241,61.17838483,65.2,..
Individuals using the Internet (% of population),IT.NET.USER.ZS,"Yemen, Rep.",YEM,0,0.082500387,9.96,12.35,14.905,17.4465,20,22.55,24.08540947,24.57920836,26.71835477,..
Individuals using the Internet (% of population),IT.NET.USER.ZS,Zambia,ZMB,0,0.191071643,6.31,10,11.5,13.4682,15.4,19,21,25.50657885,27.8525791,..
Individuals using the Internet (% of population),IT.NET.USER.ZS,Zimbabwe,ZWE,0,0.401433535,4,6.4,8.4,12,15.5,16.36473996,22.7428181,23.11998904,27.05548769,..
Individuals using the Internet (% of population),IT.NET.USER.ZS,Arab World,ARB,0,1.17398674406919,21.4263493058283,24.7759406944671,26.5827639496451,30.1782328189301,32.9280383552986,36.4579583652404,39.9293582935034,42.6794318092335,48.8476206991203,..
Individuals using the Internet (% of population),IT.NET.USER.ZS,Caribbean small states,CSS,0,4.92255485509568,31.7555302992968,35.4076901105025,42.1843231922309,42.552482472857,45.3352870420212,48.4072687487676,50.8981648471804,53.5582024889664,57.3983745247711,..
Individuals using the Internet (% of population),IT.NET.USER.ZS,Central Europe and the Baltics,CEB,0,7.05416929275156,55.1028333732934,58.5992965115256,59.122246476774,61.7286949249523,63.4756186303987,66.4950362489627,67.344347593522,71.3504111090356,73.4357593826207,..
Individuals using the Internet (% of population),IT.NET.USER.ZS,Early-demographic dividend,EAR,0.000245372989650962,1.23292008858779,9.69785764384365,12.8354250470902,15.4762500929705,18.129745640282,20.9688841013591,25.5160900112713,30.3068094929774,33.6139502734669,37.858568818703,..
Individuals using the Internet (% of population),IT.NET.USER.ZS,East Asia & Pacific,EAS,0.00725636995928191,5.6219434343535,29.5535990899651,34.2697996825574,37.3984393435399,40.7375318390325,44.6038360585575,46.8366418502125,49.8363961620171,52.9321632977852,55.095399741453,..
Individuals using the Internet (% of population),IT.NET.USER.ZS,East Asia & Pacific (excluding high income),EAP,0,1.89406231836407,23.766312536349,28.9574820384007,32.382216538625,36.0611003063699,39.6964037227658,42.0464015786338,45.2142923755773,48.4267745851979,50.7876210341096,..
Individuals using the Internet (% of population),IT.NET.USER.ZS,East Asia & Pacific (IDA & IBRD countries),TEA,0,1.91864649855333,24.0646803790134,29.3201332503983,32.7867706969835,36.5105275879563,39.6964037227658,42.0464015786338,45.2142923755773,48.4267745851979,50.7876210341096,..
Individuals using the Internet (% of population),IT.NET.USER.ZS,Euro area,EMU,0.072459123218774,22.4474959390975,67.0430159206977,70.9660047820635,71.9737843047547,74.0982022204625,75.8527695109777,77.1195896534384,76.7322718634735,78.0706564567644,79.3727026422995,..
Individuals using the Internet (% of population),IT.NET.USER.ZS,Europe & Central Asia,ECS,0.0480492439376748,13.158400193421,50.5406202463433,56.0940254829957,58.8102807631089,63.6031494050801,66.3236811593774,68.9972078864714,69.8152429331667,72.4498191153107,74.9118552047482,..
Individuals using the Internet (% of population),IT.NET.USER.ZS,Europe & Central Asia (excluding high income),ECA,0,1.96855920060555,27.3983889077386,35.5751350029016,40.5178518378122,48.7994746243748,52.7532547609304,56.8437708844612,58.8567987369064,62.4431550260071,66.3845782695615,..
Individuals using the Internet (% of population),IT.NET.USER.ZS,Europe & Central Asia (IDA & IBRD countries),TEC,0,2.49817221427205,30.3788392261611,38.1035863817988,42.5399234398247,50.0897316407625,53.7522295426005,57.7917904435295,59.7393813960135,63.4595941009544,67.2006319289217,..
Individuals using the Internet (% of population),IT.NET.USER.ZS,European Union,EUU,0.0691553311025722,20.5126816648707,67.2779882804814,70.7131503199904,71.630250079767,73.8341400894493,75.6867709975266,77.3122650930281,77.2677175789001,79.2580574792825,80.6424890060126,..
Individuals using the Internet (% of population),IT.NET.USER.ZS,Fragile and conflict affected situations,FCS,0,0.263867956209485,3.91914585855534,6.04809452136397,6.88377784731578,8.48173755410305,10.3078925849678,12.4053529862727,16.2559818322715,18.1122945517886,22.4581874959532,..
Individuals using the Internet (% of population),IT.NET.USER.ZS,Heavily indebted poor countries (HIPC),HPC,0,0.175087660366576,3.12691230521131,4.72307740483261,5.32702020969892,6.59113492784372,8.04535758804377,10.3648915368487,13.8805760202189,16.0246241413035,18.4647510681434,..
Individuals using the Internet (% of population),IT.NET.USER.ZS,High income,HIC,0.2521756281598,29.6833624008443,68.7891963920369,71.1909331902448,71.9373797727775,74.6976108254286,76.1605521443868,77.929041115465,79.147892804875,80.9962933002711,82.1920882597838,..
Individuals using the Internet (% of population),IT.NET.USER.ZS,IBRD only,IBD,0,1.8691436890506,20.2859659210645,24.815063757457,28.3078636969478,32.0890596500481,35.1522111411993,38.7820493157721,42.6468617501464,45.958921298317,49.753106433536,..
Individuals using the Internet (% of population),IT.NET.USER.ZS,IDA & IBRD total,IBT,0,1.5627241602124,16.8119492960672,20.5457673879138,23.3807862142736,26.5615002141033,29.2411149760634,32.6363327794959,36.2652594600567,39.2140565509289,42.4746401164358,..
Individuals using the Internet (% of population),IT.NET.USER.ZS,IDA blend,IDB,0,..,8.11476102345135,9.57249282286922,11.2440420222068,13.2052137297123,15.4474429805057,17.8059874715184,20.7102941159403,22.1084805165169,23.4764504063145,..
Individuals using the Internet (% of population),IT.NET.USER.ZS,IDA only,IDX,0,0.141231808959864,3.40577478400928,4.89379205947111,5.59434028216438,6.84592745005783,8.46537294788714,11.6577304836649,14.938396931565,17.4065150405312,19.6459997339425,..
Individuals using the Internet (% of population),IT.NET.USER.ZS,IDA total,IDA,0,0.167952021219464,5.01351051890085,6.4653122091575,7.47629497952491,8.96578152906655,10.7768894384044,13.6944318580307,16.851241943263,18.965143207205,20.9158024500653,..
Individuals using the Internet (% of population),IT.NET.USER.ZS,Late-demographic dividend,LTE,0,2.46984216827583,30.5982464278242,36.0336827218359,40.049390848922,44.7109969329183,48.3688675423299,50.9098012062388,53.4875075776034,56.6131219590542,58.8562244232432,..
Individuals using the Internet (% of population),IT.NET.USER.ZS,Latin America & Caribbean,LCN,0,3.8893056663212,31.0394181687776,34.7118892337386,39.3525378211838,43.1824341328267,46.2610778057025,48.6168531057802,54.4794548194134,57.3693766518291,62.1439406648126,..
Individuals using the Internet (% of population),IT.NET.USER.ZS,Latin America & Caribbean (excluding high income),LAC,0,3.07519461317713,30.1978534467981,33.3134722572401,37.7778661337552,41.4960604817227,44.5193144740555,46.8178402921679,52.5378364759456,55.3280145484298,60.2871762445994,..
Individuals using the Internet (% of population),IT.NET.USER.ZS,Latin America & the Caribbean (IDA & IBRD countries),TLA,0,3.90690206676902,31.2757913259797,34.9844533557924,39.7128396187772,43.4044968851575,46.4334790891078,48.9456618222704,54.7130125689268,57.5343901640207,62.2890896001866,..
Individuals using the Internet (% of population),IT.NET.USER.ZS,Least developed countries: UN classification,LDC,0,0.100264625400267,2.70276190872253,4.12890881687742,4.75950110064325,6.01964838204507,7.48840416726345,10.3984046242632,13.2181539439115,15.6085666350051,17.7821047650033,..
Individuals using the Internet (% of population),IT.NET.USER.ZS,Low & middle income,LMY,0,1.40002118933967,16.1975960730886,19.8704787136752,22.6808499215856,25.8671896398531,28.6710630314915,32.060877986862,35.6849337462519,38.6222611957149,41.901311443437,..
Individuals using the Internet (% of population),IT.NET.USER.ZS,Low income,LIC,0,0.113438901380698,3.27663176024362,4.33998208924259,4.88564730802339,5.93474061486958,7.32719453806295,8.97929345677106,11.7475980827564,13.5966179809894,15.9952692934243,..
Individuals using the Internet (% of population),IT.NET.USER.ZS,Lower middle income,LMC,0,0.564034179919151,7.83228994717086,10.7891193453984,13.0025590031914,15.5291505270825,18.1593339275449,22.6011122053197,26.7999062926048,29.8285338895697,33.6856918773161,..
Individuals using the Internet (% of population),IT.NET.USER.ZS,Middle East & North Africa,MEA,0.00194768769893505,1.69233668585102,21.6184156541854,24.8726792271827,27.835958942205,31.6111871155413,35.3283433996439,40.2402167121404,44.4072702526101,48.3217134827708,55.1540629304335,..
Individuals using the Internet (% of population),IT.NET.USER.ZS,Middle East & North Africa (excluding high income),MNA,0,0.841835779292209,17.7876099355422,20.7333035221605,23.0204479369334,26.2741709602109,29.8061155579171,34.8392581625144,39.1394850551954,43.1049810134464,50.0152988854395,..
Individuals using the Internet (% of population),IT.NET.USER.ZS,Middle East & North Africa (IDA & IBRD countries),TMN,0,0.838422750715995,17.612149286553,20.5290038217237,22.7970986348889,26.0565215043822,29.5945747817045,34.5997764513756,38.9046280580913,42.8704415466436,49.8161615270268,..
Individuals using the Internet (% of population),IT.NET.USER.ZS,Middle income,MIC,0,1.53001603772939,17.6982321079007,21.6523756043459,24.7940917761606,28.2700039182605,31.2210352326246,34.8605599138148,38.6323150405618,41.7513121973255,45.1914937889346,..
Individuals using the Internet (% of population),IT.NET.USER.ZS,North America,NAC,0.742692502455455,43.8869618236583,71.9267575100117,72.5503537967145,71.0589108013846,75.5346975521265,72.8512531931216,74.4268352717389,75.9638260241109,76.8486948387367,77.0081003570527,..
Individuals using the Internet (% of population),IT.NET.USER.ZS,Not classified,INX,..,..,..,..,..,..,..,..,..,..,..,..
Individuals using the Internet (% of population),IT.NET.USER.ZS,OECD members,OED,0.243750880202637,27.8252578709113,65.3373239994249,67.6266746299878,68.5462423195822,70.9509796314015,72.2734694360013,73.8900054091648,76.1901434370123,78.0534642757281,79.2631525341283,..
Individuals using the Internet (% of population),IT.NET.USER.ZS,Other small states,OSS,0,5.40407303939108,20.6277485096645,24.1919171702151,27.7936250191768,31.0933568947308,35.9386306330866,39.7137343533259,43.1330785175536,45.5856445714139,49.289418733532,..
Individuals using the Internet (% of population),IT.NET.USER.ZS,Pacific island small states,PSS,0,1.45841752206367,10.871565505558,12.9746966776439,17.6487885830767,20.7210436885076,22.0312360967181,24.7368187548259,27.9469274511175,30.6072134693175,33.140266157532,..
Individuals using the Internet (% of population),IT.NET.USER.ZS,Post-demographic dividend,PST,0.270487059604392,30.5460399155264,68.8652280501432,70.9795590586796,71.4300886667858,74.2283137717928,75.7347464364326,77.399118702275,78.4729253925287,80.1770404888357,80.8569187217562,..
Individuals using the Internet (% of population),IT.NET.USER.ZS,Pre-demographic dividend,PRE,0,0.124179768543041,4.36132572584632,6.09975445055936,7.07615526768126,8.55795352337397,10.2826849325534,12.3479814113387,15.2046088434979,17.0655217755981,20.2841412584584,..
Individuals using the Internet (% of population),IT.NET.USER.ZS,Small states,SST,0,5.01471112298792,22.2647064874706,25.7245743108152,29.9837640183969,32.6752226606704,36.8879296296486,40.449178298093,43.6682405181981,46.1591933118564,49.8000130898676,..
Individuals using the Internet (% of population),IT.NET.USER.ZS,South Asia,SAS,0,0.474534101089891,5.14946775721559,7.20578379120846,9.39809663550123,11.5208599358663,13.7562134401879,19.0832762245184,23.2035725567441,26.4567956544021,30.1877918472125,..
Individuals using the Internet (% of population),IT.NET.USER.ZS,South Asia (IDA & IBRD),TSA,0,0.474534101089891,5.14946775721559,7.20578379120846,9.39809663550123,11.5208599358663,13.7562134401879,19.0832762245184,23.2035725567441,26.4567956544021,30.1877918472125,..
Individuals using the Internet (% of population),IT.NET.USER.ZS,Sub-Saharan Africa,SSF,0,0.50914342079875,4.59867606714748,6.99257850690158,8.38288624439615,10.2633605221416,12.3239868261379,14.686523601045,18.0671317961838,19.809935353901,22.1181602918908,..
Individuals using the Internet (% of population),IT.NET.USER.ZS,Sub-Saharan Africa (excluding high income),SSA,0,0.50830161672602,4.59867606714748,6.98894466171132,8.37930322666193,10.2596522586239,12.3202791101652,14.6830400487626,18.0637584486461,19.8065876031122,22.1148876935253,..
Individuals using the Internet (% of population),IT.NET.USER.ZS,Sub-Saharan Africa (IDA & IBRD countries),TSS,0,0.50914342079875,4.59867606714748,6.99257850690158,8.38288624439615,10.2633605221416,12.3239868261379,14.686523601045,18.0671317961838,19.809935353901,22.1181602918908,..
Individuals using the Internet (% of population),IT.NET.USER.ZS,Upper middle income,UMC,0,2.42940355156471,28.2197578186945,33.4745079185746,37.7184641226562,42.366463400086,45.7345338552917,48.5633969501638,51.9498446125051,55.2661929977363,58.3286776923764,..
Individuals using the Internet (% of population),IT.NET.USER.ZS,World,WLD,0.0493430849350423,6.74323018871102,25.3563448209684,28.7336041746693,31.1245061341395,34.1934316686336,36.7246385665545,39.7719529967335,42.9629588914388,45.6732900276397,48.565130757136,..
,,,,,,,,,,,,,,,
,,,,,,,,,,,,,,,
,,,,,,,,,,,,,,,
Data from database: World Development Indicators,,,,,,,,,,,,,,,
Last Updated: 04/24/2019,,,,,,,,,,,,,,,